sep=,
"Codes","Quelle","Kürzel","Paraphrase"
"Akademisierung","Twitter","Akad1","Wir brauchen eine Vollakademisierung der Pflege."
"Akademisierung","Twitter","Akad2","Mit der Akademisierung ändert man gar nichts."
"Akademisierung","Twitter","Akad3","Die Akademisierung wird nur innerhalb der Berufsgruppe thematisiert."
"Akademisierung","Twitter","Akad4","Das Problem der Pflege ist nicht die ""Nichtakademisierung""."
"Akademisierung","Twitter","Akad5","Wenn man studieren will, sollte man gleich Medizin studieren."
"Akademisierung","Twitter","Akad6","Die Akademisierung ist auch für die Gehaltsverhandlungen vom Vorteil."
"Akademisierung","Twitter","Akad7","Die Akademisierung hat Einfluss auf die Bezahlung der Pflege."
"Akademisierung","Twitter","Akad8","Gewerkschaften hetzen gegen Akademisierung und sind nicht für unsere Profession da."
"Akademisierung","Twitter","Akad9","Wir müssen die Akademisierung fordern, um auf akademische Gehälter zu bekommen."
"Akademisierung","Twitter","Akad10","Substituierte neue Kompetenzen nur für akademische Pflegefachpersonen würden der Akademisierung sehr helfen."
"Akademisierung","Twitter","Akad11","Wir brauchen neben Arbeitskampf auch die Akademisierung und eine evidenzbasierte Versorgung."
"Akademisierung","Twitter","Akad12","Wir brauchen akademisch ausgebildete Pflegefachpersonen, um die Pflegetheorien in der Praxis anzuwenden."
"Akademisierung","Twitter","Akad13","Die Pflege muss viel mehr akademisiert werden."
"Akademisierung","Twitter","Akad14","Wer eine Akademisierung der Pflege anstrebt sollte sich auch Gedanken darüber machen, wie bereits examinierte Kolleg*innen einen akademischen Abschluss nachholen können."
"Akademisierung","Twitter","Akad15","Die Forderung der Akademisierung ist gleichzeitig eine Forderung für bessere Pflege."
"Akademisierung","Twitter","Akad16","Ich habe überhaupt kein Problem mit akademischer Pflege."
"Akademisierung","Twitter","Akad17","Akademisierung ist die Zukunft in unserem Beruf."
"Akademisierung","Twitter","Akad18","Akademisierung macht den Beruf attraktiver."
"Akademisierung","Twitter","Akad19","Die Pflegeausbildung gehört an Hochschulen."
"Akademisierung","Twitter","Akad20","Die Pflege braucht die Akademiserung."
"Akademisierung","Twitter","Akad21","Eine Akademisierung ist besser für alle – insbesondere für die Patient*innen."
"Akademisierung","Twitter","Akad22","Eine Akademisierung der Pflegeausbildung ist geboten."
"Akademisierung","Twitter","Akad23","Ich bin ein Hardliner, was die Akademisierung der Pflege angeht."
"Akademisierung","Twitter","Akad24","Ich bin davon überzeugt, daas Pflege durch Akademisierung eine bessere Versorgungsqualität erlangt."
"Akademisierung","Twitter","Akad25","Ich bin davon überzeugt, daas Pflege durch Akademisierung mehr Selbstbewusstsein erlangt."
"Akademisierung","Twitter","Akad26","Ich sehe den qualitativen Unterschied zwischen akademisierten Pflegerachperonen und denen ohne Studium."
"Akademisierung","Twitter","Akad27","Die Akademisierung der Pflege ist wichtig für uns alle!"
"Akademisierung","Twitter","Akad28","Das Wettern gegen die Berufsasbildung, also gegen den nicht-akademischen Berufsabschluss ist voll daneben."
"Akademisierung","Twitter","Akad29","Die Pflegeausbildung soll beibehalten werden – studieren nur auf freiwilliger Basis."
"Akademisierung","Twitter","Akad30","Die Qualität der Pflege am Bett wird durch eine Akademisierung nicht besser."
"Akademisierung","Twitter","Akad31","Eine Akademisierung der Pflege reicht nicht – es muss mehr Kohle geben!"
"Akademisierung","Twitter","Akad32","Viele setzen den Bachelor oder Master drauf, um weg vom Bett zu kommen."
"Akademisierung","Twitter","Akad33","Je höher die pflegerische Qualifikation desto besser die pflegerische Qualität."
"Akademisierung","Twitter","Akad34","Ich bin für eine Teilakademisierung von 20 % der Pflege, wie sie vom Wissenschaftsrat seit 2012 gefordert wird."
"Akademisierung","Twitter","Akad35","Erfahrung ersetzt keine Ausbildung, die auf wissenschaftlichen Erkenntnissen basierte."
"Akademisierung","Twitter","Akad36","Komplexe Versorgungsbedarfe erfordern hochschulisch qualifizierte Pflege."
"Akademisierung","Twitter","Akad37","In einer Ausbildung lernt man Anweisungen zu befolgen und verlernt die kritische Reflexion. Wir brauchen aber wissenschaftliches Arbeiten und fundierte Kritik in der Pflege."
"Akademisierung","DGP-_-Dekankoneferenz-Eckpunktepapier-06.10.2012, S. 3: 2859","Akad38","Eine akademische Qualifizierung als ein Regelzugang zum Pflegeberuf sichert die Zukunfts- und internationale Anschlussfähigkeit des Pflegeberufes."
"Akademisierung","DGP-_-Dekankoneferenz-Eckpunktepapier-06.10.2012, S. 4: 470","Akad39","Akademische Qualifizierungswege in der Pflege leisten einen wichtigen Beitrag zum Erhalt und zur Förderung des Potenzials professioneller Pflege in Deutschland."
"Akademisierung","DGP-_-Dekankoneferenz-Eckpunktepapier-06.10.2012, S. 4: 729","Akad40","Ein Bachlorabschluss in der Pflege soll sich für fundierte, reflektierte und wissenschaftlich abgesicherte direkte Arbeit mit Patient*innen qualifizieren."
"Akademisierung","DGP-_-Dekankoneferenz-Eckpunktepapier-06.10.2012, S. 4: 957","Akad41","Aufgrund zunehmed komplex werdender Versorgungsbedarfe sind die mit einem Pflegestudium zu erwerbenden Kompetenzen unbedingt erforderlich."
"Akademisierung","DGP-Stellungnahme-G-BA-Richtl-Nov..2011-1, S. 4: 1925","Akad42","Die in einem Pflegestudium gelernten Kompetenzen werden in der Praxis nur ansatzweise ausgeschöpft."
"Akademisierung","Positionspapier29.9.2006, S. 3: 2046","Akad43","Ein Bachlorabschluss soll als erster berufsqualifizierender Abschluss eingesetzt werden."
"Akademisierung","Positionspapier29.9.2006, S. 6: 197","Akad44","Ein Masterabschluss in Pflegemanagement ist für höhere Leitungsfunktionen dringend erforderlich."
"Akademisierung","Positionspapier29.9.2006, S. 6: 2045","Akad45","Eine Erweiterung der pflegewissenschaftlichen Studiengängen ist dringend erforderlich."
"Akademisierung","Positionspapier29.9.2006, S. 7: 248","Akad46","Eine Verbesserung der Pflegeleistungen erfordert den gezielten Einsatz von hochqualifizierten Pflegefachpersonen mit Wissenschafts- und Forschungsexpertise."
"Akademisierung","Stellungnahme-Pflegewissenschaft-EU-Richtlinie-120910, S. 2: 1162","Akad47","Eine zwölfjährige Allgemeinbildung oder eine vergleichbare Vorbildung soll die Zugangsvorraussetzung für die Pflege sein."
"Akademisierung","Stellungnahme-Pflegewissenschaft-EU-Richtlinie-120910, S. 3: 2451","Akad48","Eine gute Pflegefachperson braucht Sozialkompetenz und keine zwölf Jahre Allgemeinbildung."
"Akademisierung","Stellungnahme-Pflegewissenschaft-EU-Richtlinie-120910, S. 3: 2835","Akad49","Bei den Pflegefachpersonen sind gleichermaßen Fach-, Methoden-, Sozial-, und personale Kompetenzen auf hohem Niveau gefordert."
"Akademisierung","Stellungnahme-Pflegewissenschaft-EU-Richtlinie-120910, S. 3: 2983","Akad50","Die Anhebung der Zugangssvorrausetzungen in der Prlege würde die Fachkräftemangel verstärken."
"Akademisierung","Stellungnahme-Pflegewissenschaft-EU-Richtlinie-120910, S. 4: 577","Akad51","Um zukünftig mithalten zu können, geht kein Weg daran vorbei, die EU-Standards (zwölfjährige Allgemeinbildung/Akademisierung) auch in Deutschland einzuführen."
"Akademisierung","Stellungnahme-Vorstand-DGP-WR-17.09.20122, S. 2: 1161","Akad52","Ein Ausbau primärqualifizierender Studiengänge in der Pflege ist dringend und unbedingt erforderlich."
"Akademisierung","Stellungnahme-Vorstand-DGP-WR-17.09.20122, S. 2: 1422","Akad53","Die Entwicklung von Masterstudiengängen im Bereich der klinischen Pflege ist zu befürworten."
"Akademisierung","Stellungnahme-Vorstand-DGP-WR-17.09.20122, S. 2: 1839","Akad54","Der etabliert deutsche Sonderweg in der Ausbildung von Pflegefachpersonen kommt an seine Grenzen."
"Akademisierung","Stellungnahme-Vorstand-DGP-WR-17.09.20122, S. 2: 2083","Akad55","Die vom Wissenschaftsrat empfohlene akademisch Qualifizierung von 10 bis 20% eines Absolvent*innenjahrgangs ist unbedingt zu begrüßen."
"Akademisierung","KHI%20Pflegekammer, S. 4: 3999","Akad56","Die Stärke der Pflege – mit hoher Fachlichkeit am Patient*innen die Pflege zu planen und selbst durchzführen – wird durch Einführung von neuer akademischen Rollen in der Praxis gefährdet."
"Akademisierung","Positionspapier-DGCH-und-DPR-2018-04-04-final, S. 3: 1745","Akad57","Die Ausbildung von Pflegefachpersonen an Hochschule für die direkte Patietenversorgung muss eine hohe Priorität erhalten."
"Akademisierung","ADS-DBfK-position_weiterentwicklung_pflegestudiengaenge_2015, S. 2: 1052","Akad58","Die Akademisierung der Pflege ist zwingend erforderlich."
"Akademisierung","ADS-DBfK-position_weiterentwicklung_pflegestudiengaenge_2015, S. 4: 3117","Akad59","Nur akademisch qualifizierte Pflegefachpersonen können dauerhat eine angemessese und dem Stand des Wissens entsprechende Qualität der Pflege anbieten."
"Akademisierung","ADS-DBfK-position_weiterentwicklung_pflegestudiengaenge_2015, S. 4: 4082","Akad60","Die fachschulicshe dreijährige Pflegeausbildung sollte langfristig zugunsten einer hochschulischen Pflegebildung abgelöst werden."
"Akademisierung","Position-BSN-Einsatz-in-Praxis_2016-07-26final, S. 2: 1528","Akad61","In der direkten Klientenversordung in allen Versorgungsbereichen werden dringend hochschulisch qualifizierte Pflegefachpersonen benötigt."
"Akademisierung","Position-BSN-Einsatz-in-Praxis_2016-07-26final, S. 2: 2096","Akad62","Eine Ausdifferenzierung von Qualifikationsebenen innerhalb der Pflege ist notwendig."
"Akademisierung","Position-BSN-Einsatz-in-Praxis_2016-07-26final, S. 2: 2500","Akad63","Für Bachelorabsolventen der Pflegestudiengänge sind Arbeisplätze zu gestalten, die einerseit den direkten Klientenbezug fokussieren, aber darüber hinaus die durch das Studium erworbenen Kompetenzen für die Versorgung und das Team nutzbar machen."
"Akademisierung","Position-BSN-Einsatz-in-Praxis_2016-07-26final, S. 3: 2050","Akad64","Bachelorabsolventen direkt nach dem Studium mit der Leitung einer Station oder der Praxisleitung zu betrauen, ist ein falscher Weg."
"Akademisierung","Position-BSN-Einsatz-in-Praxis_2016-07-26final, S. 3: 2432","Akad65","Mit der hochschulischen Primärqualifizierung von Pflegefachpersonen wird ein dringend erforderlicher Beitrag zur Sicherung und Verbesserung der Versorgung im Gesundheitswesen und der Pflege geleistet."
"Akademisierung","Position-DBfK-zu-Physician-Assistants-2017, S. 2: 2202","Akad66","Es ist eine Vergeudung pflegerischer Kompetenz und eine Geringschätzung der Profession Pflege, hochqualifizierte Pflegeexpert*innen zu Artzassistent*innen umzuqualifizieren."
"Akademisierung","Position-DBfK-zu-Physician-Assistants-2017, S. 2: 3038","Akad67","Speziell qualifizierte Pflegefachpersonen mit erweiterten Kompetenzen (""Advanced Nursing Practice"") können in Diagnostik und Therapie (inkl. Arzneimittelverordnung) hervorragende Versorgung leisten."
"Akademisierung","Positionspapier-DBfK_Refinanzierung-der-primaerqualifizierenden, S. 2: 3","Akad68","Der Bedarf an hochschulqualifizierten Pflegefachpersonen ist so hoch wie noch nie."
"Akademisierung","Positionspapier-DBfK_Refinanzierung-der-primaerqualifizierenden, S. 2: 653","Akad69","Eine hochschulische Pflegeausbildung ist unerlässlich, um in zukünftigen Skill- und Grademix in der Pflege Fallverantwortung zu übernehmen."
"Akademisierung","Positionspapier-DBfK_Refinanzierung-der-primaerqualifizierenden, S. 2: 1023","Akad70","Die primärqualifizierende hochschulische Pflegeausbildung ist eine langfristig nachhaltige Ergänzung zur Bekämpfung des Fachkräftemangels in der Pflege."
"Akademisierung","Positionspapier-DBfK_Refinanzierung-der-primaerqualifizierenden, S. 2: 1563","Akad71","Die Entscheidung für eine primärqualifizierende hochschulische Pflegeausbildung bedeutet, dass man mit Patienten und Pflegebedürftigen klinisch tätig sein will."
"Akademisierung","Positionspapier-DBfK_Refinanzierung-der-primaerqualifizierenden, S. 2: 1745","Akad72","Absolventinnen eines primärqualifizierenden Pflegestudiums möchten nicht in der Praxis arbeiten."
"Akademisierung","Positionspapier-Hygienestandards-2015-09-11, S. 4: 2391","Akad73","Die Weiterbildung zur Hygienefachperson muss akademisiert werden."
"Akademisierung","Positionspapier-Schaffung-neuer-medizinischer-Assistenzberufe-i, S. 3: 2314","Akad74","Die aktuellen Fachweiterbildungen sind ein Auslaufmodell: es werden neue Wege für Spezialisierung benötigt, die zumindest zum Teil als Master-Studium erfolgen sollen."
"Akademisierung","Positionspapier-Schulgesundheitspflege, S. 3: 1300","Akad75","Ein Masterstudium sollte die Voraussetzung für Schulgesundheitspflege sein."
"Akademisierung","Resolution-des-DBfK-zu-SDGs-2017-05-012, S. 8: 74","Akad76","Die Eigenständigkeit der Pflege muss gestärkt werden, indem erweiterte pflegerische Rollen (""Advanced Nursing Practice"") entwickelt werden."
"Akademisierung","Gemeinsame-Pressemitteilung_Broschüre-Exzellenz_190712_out-1, S. 2: 1211","Akad77","Die Professionalisierung von Strukturen, Prozessen und Management-Skillss in der Pflege ist unabdingbar."
"Akademisierung","TA1218-2818_000, S. 3, 6 | 241","Akad78","Die Erhöhung der Anteil der akademisch qualifizierten Pflegefachpersonen in der Praxis führt zur Verbesserung der Patientenergebnisse und -sicherheit."
"Akademisierung","VUD_MagazinQL_II-2017_2_2018-02-27-Ansicht_final, S. 9: 1945","Akad79","Akademisch qualifizierte Pflegefachpersonen sollten in der direkten Patientenversorgung integriert werden, damit die Fachkompetenz ans Krankenbett gelangt."
"Akademisierung","VUD_MagazinQL_II-2017_2_2018-02-27-Ansicht_final, S. 12: 657","Akad80","Akademisch qualifizierte Pflegefachpersonen können mit ihrem zusätzlichem Wissen über wirksame Pflegemaßnahmen wesentlich zum Therapieerfolg beitragen."
"Akademisierung","VUD_MagazinQL_II-2017_2_2018-02-27-Ansicht_final, S. 12: 1269","Akad81","Akademische Ausbildungsoptionen machen die Pflegeberufe attraktiver."
"Akademisierung","VUD_MagazinQL_II-2017_2_2018-02-27-Ansicht_final, S. 12: 1634","Akad82","Das Image der Pflegeberufe kann durch die Akademisierung nachhaltig verbessert werden."
"Akademisierung","VUD_MagazinQL_II-2017_2_2018-02-27-Ansicht_final, S. 12: 2441","Akad83","Akademisch qualifizierte Pflegefachpersonen helfen allen an der Behandlung Beteiligten dabei, Patienten mit komplexen Krankheisverlaufen besser zu versorgen."
"Akademisierung","VUD_MagazinQL_II-2017_2_2018-02-27-Ansicht_final, S. 12: 2875","Akad84","Die Akademisierung der Pflege ist ein unverzichtbarer Baustein für die bestmögliche Patientenversorgung."
"Akademisierung, Pwi/EBP","Twitter","Akad85","Es ist unsere Pflich nach neusten wissenschaftlichen Erkenntnissen zu pflegen."
"Akademisierung, Pwi/EBP","Twitter","Akad86","Pflege ist eine Profession und eine Wissenschaft."
"Akademisierung, Pwi/EBP","Twitter","Akad87","Pflege ist eine wissenschaftliche Profession."
"Akademisierung, Pwi/EBP","Twitter","Akad88","Pflege ist keine Berufung – sie ist eine hochqualifizierte, wissenschaftsbasierte, interaktive und kommunikative Arbeit."
"Akademisierung, Pwi/EBP","Twitter","Akad89","Die deutsche Pflege wird ihre Forderungen nur durchsetzen können, wenn sie auch einen fachlichen, nachweisbaren Beitrag leiset: dafür braucht man pflegewissenschaftliches Wissen."
"Akademisierung, Pwi/EBP","Twitter","Akad90","Die Möglichkeit, wissenschaftliche Daten zu finden, zu lesen, zu verstehen und zu reflektieren stellen die eigene Pflegepraxis auf ein dichteres Fundament."
"Akademisierung, Pwi/EBP","Twitter","Akad91","Wenn Pflege einen besseren Status erreich soll, geht das nur durch breites pflegewissenschaftlich fundiertes Wissen und Auftreten."
"Akademisierung, Pwi/EBP","Twitter","Akad92","Man verlangt von Ärzten auch, dass sie auf neustem wissenschaftlichen Niveau arbeiten. Das darf man auch von Pflege verlangen."
"Akademisierung, Pwi/EBP","Stellungnahme-Vorstand-DGP-WR-17.09.20122, S. 2: 917","Akad93","Die Bewältigung der aus der demographischen Entwicklung entstehenden künftigen Aufgaben in der Pflege benötig neue und erweiterte Pflegekompetenzen auf wissenschaftlicher Basis, die nur im Rahmen eines Studium entwickelt werden können."
"Akademisierung, Pwi/EBP","ADS-DBfK-position_weiterentwicklung_pflegestudiengaenge_2015, S. 2: 2517","Akad94","Professionelle Pflege bildet die Grundlage der qualitativen Pflege und ist ohne Wissenschaft und Forschung nicht mehr denkbar."
"Akademisierung, Pwi/EBP","Positionspapier-DBfK_Refinanzierung-der-primaerqualifizierenden, S. 2: 1292","Akad95","Durch die hochschulische Pflegeausbildung besteht die Chance, die Recherche, Prüfung und Transder von Forschungsergebnissen in die pflegerische Praxis zur Bildung und Aufrechterhaltung der Pflegequalität zu etablieren."
"Akademisierung, Pwi/EBP","VUD_MagazinQL_II-2017_2_2018-02-27-Ansicht_final, S. 5: 658","Akad96","Die in einem Studium gewonnenen pflegewissenschaftlichen Erkenntnisse helfen die Qualität der Versorgung der Patienten zu verbessern."
"Akademisierung, Pwi/EBP","VUD_MagazinQL_II-2017_2_2018-02-27-Ansicht_final, S. 9: 1407","Akad97","Die im Studium gewonnenen analytischen Fähigkeiten unterstützen die Pflegefachpersonen, pflegewissenschaftliche Erkenntnisse in der Praxis anzuwenden und verbessern somit die Verorgunsqualität."
"Akademisierung, Pwi/EBP","VUD_MagazinQL_II-2017_2_2018-02-27-Ansicht_final, S. 10: 766","Akad98","Ein Masterstudium ist notwendig, um die (Pflege)wissenschaft zu verstehen."
"Ansehen","Twitter","Anse99","Pflege hat nichts mit Altruismis, sondern Professionalität zu tun."
"Ansehen","Twitter","Anse100","Pflegen kann jeder."
"Ansehen","Twitter","Anse101","Pflege braucht nicht nur Applaus, sondern eine fachliche Auswertung der Profession."
"Ansehen","Twitter","Anse102","Professionelle Pflege wird nicht als solche wahrgenommen. Stattdessen lese ich von Hingabe, Aufopferung und Schwestern."
"Ansehen","Twitter","Anse103","Pflegende sind Expert*innen für die Zukunft des Gesundheitssystems!"
"Ansehen","Twitter","Anse104","Wir brauchen mehr Organisation und ein bessereres pflegerisches Selbsverständnis."
"Ansehen","Twitter","Anse105","Es gibt kein Bild von professioneller Pflege in der Gesellschaft."
"Ansehen","Stellungnahme-Pflegewissenschaft-EU-Richtlinie-120910, S. 2: 1830","Anse106","Die Pflege wird hinsichtlich ihrer Kompetenzen gesellschaftlich unterbewertet."
"Ansehen","Stellungnahme-Pflegewissenschaft-EU-Richtlinie-120910, S. 3: 2700","Anse107","Wer die Pflege darauf reduziert, ein großes Herz würde es schon tun, missachtet die Realität und schadet dem Pflegeberuf."
"Ansehen","Stellungnahme-Pflegewissenschaft-EU-Richtlinie-120910, S. 4: 1697","Anse108","Das Glas ist nich halb leer, sondern halb voll und wird sich mit einer Aufwertung der Pflege hinsichtlich der Aufgaben, Anforderungen und Verantwortung und des gesellscahftlichen Status weiter füllen."
"Ansehen","180119_broschuere-pflegekammer%20BaWü%202018%20web, S. 8: 446","Anse109","Der Schlüssel zur Stärkung der pflegerischen Berufe liegt in einer nachhaltigen Verbesserung der Arbeits- und Entlohnungsbedingungen."
"Ansehen","180206_Info_Pflegekammer, S. 2: 765","Anse110","Die Pflege ist für die Gesellschaft wichtiger Beruf und verdient Anerkennung und Respekt."
"Ansehen","Position-freiberufliche-Pflege_2012-08-09-final, S. 3: 2486","Anse111","Pflege ist als personenbezogene höhere Dienstleistung mehr als auf ""helfen"" und ""sorgen"" ausgerichtet."
"Ansehen","Positionspapier-BAG-Pflege-im-Funktionsdienst-Anerkennung-der-F, S. 2: 1199","Anse112","Die Attraktivität der Pflegeberufe kann durch Spezialisierungs- und Weiterbildungsmöglichkeiten gesteigert werden."
"Ansehen","Resolution-des-DBfK-zu-SDGs-2017-05-012, S. 4: 1335","Anse113","Mit der Rolle von professionell Pflegenden steht und fällt die Leistungsfähigkeit eines Gesundheitssystems."
"Ansehen","VPU_Statement_Pflegebevollmächtigter_v01, S. 3: 442","Anse114","Mit einer modernen Ausbildung, gute Aufstiegschanchen und besserer Qualifikation können mehr Menschen für den Pflegeberuf begeistert werden."
"Ansehen, Akademisierung","Twitter","Anse115","Die Akademisierung wird das soziale Ansehen der Pflege verbessern."
"Ansehen, Akademisierung","Twitter","Anse116","Ich bin davon überzeugt, daas Pflege durch Akademisierung mehr Sozialprestige erlangt."
"Ansehen, Akademisierung","Stellungnahme-Pflegewissenschaft-EU-Richtlinie-120910, S. 4: 760","Anse117","Eine Erhöhung der Zugangsvorraussetzungen der Pflege würde das Ansehen der Pflege nachhaltig verbessern und mittelfristig eine wirksame Maßnahme gegen den Fachkräftemangel sein."
"Ansehen, Akademisierung","Positionspapier-BAG-Pflege-im-Funktionsdienst-Anerkennung-der-F, S. 2: 1489","Anse118","Die Möglichkeit sich in der Pflege hochschulisch weiterzuqualifizieren zu führt zur längeren Verweildauer im Beruf und zur höheren Wertschätzung des Berufsbildes in der Gesellschaft."
"Ansehen, Pflegekammer","180119_broschuere-pflegekammer%20BaWü%202018%20web, S. 7: 507","Anse119","Die Pflegekammer steigert weder die Attraktivität noch das Ansehen des Berufes."
"Ansehen, Pflegekammer","reader%20kammer%20nds%20medium, S. 10: 2","Anse120","Pflege braucht keine Kammer, die noch aus eigener Tasche bezahlt werden soll, sondern mehr Anerkennung, bessere Vergütung und Arbeitsbedingungen – also insgesamt mehr Attraktivität!"
"Ansehen, Politischer Einfluss","Twitter","Anse121","Diesem Land muss endlich mal klar werden, was ihnen professionelle Pflege wert ist"
"Ansehen, Pwi/EBP","Positionspapier-Einfuehrung-neuer-PBB_2016-12-01, S. 5: 55","Anse122","Eine Veränderung und Aufwertng der pflegerischen Rolle würde mit einer Emanzipation der Berufsangehörigen und einer aufgewerteten Akzeptanz für auf fachlichem Urteil begründetes Pflegehandeln einhergehen."
"Aufgabenverteilung","Twitter","Aufg123","Wir wollen eine Aufgabenerweiterung und -allokation."
"Aufgabenverteilung","Twitter","Aufg124","Die Pflege braucht mehr Verantwortung."
"Aufgabenverteilung","Twitter","Aufg125","Pflegefachpersonen benötigen mehr Handlungsfreiheit in ihren Aufgabenbereichen."
"Aufgabenverteilung","Twitter","Aufg126","Heilkundliche Aufgaben, wie Wundversorgung, sollen Pflegende eigenverantwortlich übernehmen dürfen."
"Aufgabenverteilung","Twitter","Aufg127","Wir brauchen eine Neuaufstellung von Gesundheitssystem."
"Aufgabenverteilung","Twitter","Aufg128","Pflege ist keine Hilfsprofession der Medizin."
"Aufgabenverteilung","Twitter","Aufg129","Pflege ist nicht Medizin oder Teil der Medizin."
"Aufgabenverteilung","Twitter","Aufg130","Pflege als eigentständige Profession ist abseits der Ärzte und nicht untergeordnet."
"Aufgabenverteilung","Twitter","Aufg131","Ich sehe Pflege als sehr wichtigen Teil der Medizin an."
"Aufgabenverteilung","Positionspapier-DGCH-und-DPR-2018-04-04-final, S. 3: 837","Aufg132","Die vorhandene Kompetenz der Pflegefachpersonen muss stärkert anerkannt und eingesetzt werden."
"Aufgabenverteilung","Positionspapier-DGCH-und-DPR-2018-04-04-final, S. 3: 1137","Aufg133","Es muss über Aufgabenverteilund im Gesundheitswesen offen diskutiert werden."
"Aufgabenverteilung","ADS-DBfK-position_weiterentwicklung_pflegestudiengaenge_2015, S. 3: 527","Aufg134","Nur durch eine Neuordnung der Zuständigkeiten für heilkundliche Aufgaben kann das volle Potential pflegerischer Kompetenzen nutzbar gemacht werden."
"Aufgabenverteilung","Position-BSN-Einsatz-in-Praxis_2016-07-26final, S. 2: 2241","Aufg135","Eine Neuordnung der Aufgaben ist notwendig."
"Aufgabenverteilung","Position-DBfK-zu-Physician-Assistants-2017, S. 2: 2659","Aufg136","Das zentrale Problem bei der Neuordnung von Aufgaben ist die mangelnde Bereitschaft der Ärzteverbände, das ärztliche Monopol in der medizinischen Heilkunde aufzugeben."
"Aufgabenverteilung","Position-DBfK-zu-Physician-Assistants-2017, S. 3: 3","Aufg137","Eine qualitativ hochwertige, den Bedürfnissen der Menschen entsprechende Gesundheitsversorgung ist nur zu erreichen, wenn die Gesundheitsprofessionen zu einer neuen Arbeitsteilung kommen."
"Aufgabenverteilung","Position-zu-Delegation-im-Krankenhaus_2010-03-29, S. 4: 424","Aufg138","Die berufliche Pflegende kann einzelne Bestandteile der Pflege, jedoch nicht den Pflegeprozess selbst delegieren."
"Aufgabenverteilung","Position-zu-Delegation-im-Krankenhaus_2010-03-29, S. 4: 540","Aufg139","Die Bewertung, Planung, Evaluation und Pflegebeurteilung können nicht delegiert werden."
"Fachsprache","Twitter","Fach140","Professionelle Pflege hat professionelle Fachbegriffe."
"Fachsprache","Twitter","Fach141","Ich hasse mit ""Schwester"" angeredet zu werden."
"Fachsprache","Twitter","Fach142","Wir müssen alle dazu beitragen, dass es sich ändert – dazu gehört: aktuelle Berufsbezeichnung verwenden, professionelle Ansprache und Vorstellung wählen."
"Fachsprache","Twitter","Fach143","Es gibt seit Jahrzehnten keine ""Schwestern"" mehr."
"Fachsprache","Twitter","Fach144","Die unprofessionelle Anrede ""Schwester"" ist obsolet."
"Fachsprache","Twitter","Fach145","Mir ist Professionalisierung auch sehr wichtig, aber ich finde es trotzdem okay, als Schwester angesprochen zu werden."
"Fachsprache","Twitter","Fach146","Der Weg, als Profession wahrgenommen zu werden, beginnt mit einer respektvollen und wertschätzenden Sprache."
"Fachsprache","Twitter","Fach147","Es macht einen Unterschied, ob ich mich ""Schwester Anna"" oder ""Pflegefachfrau Anna Mustermann"" bezeichne."
"Fachsprache","Twitter","Fach148","Die Zeit der barmherzigen Schwester ist vorbei!"
"Fachsprache","Twitter","Fach149","Verbannt den Begriff Krankenschwester aus dem deutschen Wortschatz."
"Freiberuflichkeit","Position-freiberufliche-Pflege_2012-08-09-final, S. 2: 80","Frei150","Die freiberufliche Berufsausübung ist ein Grundrecht von Pflegefachpersonen!"
"Freiberuflichkeit","Position-freiberufliche-Pflege_2012-08-09-final, S. 2: 1369","Frei151","Eine freiberufliche Berufsausübung ist eine professionell wünschenswerte Möglichkeit der Berufsausübung."
"Freiberuflichkeit","Position-freiberufliche-Pflege_2012-08-09-final, S. 2: 2015","Frei152","Eine freiberufliche Berufsausübung ist das Recht jeder Pflegefachperson."
"Freiberuflichkeit, Pwi/EBP","Position-freiberufliche-Pflege_2012-08-09-final, S. 3: 345","Frei153","Pflege erfüllt in der Verbindung von Forschen und tätiger Umsetzung der daraus gewonnenen Erkenntnisse in der direkten Beziehung zu einem Klienten ein wesentliches Merkmal freiberuflichen Tätigseins."
"Generalistik","Twitter","Gene154","Die generalistische Ausbildung sorgt für mehr Zusammenarbeit."
"Generalistik","Twitter","Gene155","Mit der Abschaffung der Ausbildung zum/r Altenpfleger*in wurde ein weitere Schritt hin zur Deprofessionalisierung in der Altenpflege getan."
"Generalistik","Twitter","Gene156","Die Generalistik schadet mehr als sie professionalisiert."
"Generalistik","2014_07_STN_Weiterentwicklung_Pflegeberufe, S. 2: 1440","Gene157","Die deutsche Altenpflege gilt in den europäischen Nachbarstaaten als vorbildhaft."
"Generalistik","2014_07_STN_Weiterentwicklung_Pflegeberufe, S. 3: 537","Gene158","Die Altenpflege kann nur in einer dreijährigen spezialisierten Ausbildung gelernt werden."
"Generalistik","2014_07_STN_Weiterentwicklung_Pflegeberufe, S. 3: 1234","Gene159","Anstatt der Generalistik müssen die drei Pflegeberufe sich gegenseitig anerkennen, weiterentwickeln und interdisziplinär zusammenarbeiten."
"Generalistik","2014_07_STN_Weiterentwicklung_Pflegeberufe, S. 3: 2445","Gene160","Die Ausbildungsbereitschaft der Arbeitgeber wird durch die Generalistik massiv abnehmen."
"Generalistik","2014_07_STN_Weiterentwicklung_Pflegeberufe, S. 4: 340","Gene161","Die Zusammenlegung der Pflegeberufe wird eine große Gruppe von Personen von der Ausbildung fernhalten."
"Generalistik","2014_07_STN_Weiterentwicklung_Pflegeberufe, S. 4: 764","Gene162","Die generalistiche Pflegeausbildung führt zu Defiziten in der praktischen und theoretischen Ausbildung."
"Generalistik","2014_07_STN_Weiterentwicklung_Pflegeberufe, S. 4: 1896","Gene163","Die generalistische Ausbildung wird den Mangel an qualifiziertem Fachpersonal drastisch verschärfen."
"Generalistik","20110128%20STN%20zur%20Weiterentwicklung%20der%20Pflegeausbildu, S. 2: 550","Gene164","Den spezialisierten Berufsstand der Altenpflege durch die Generalistik abzuschaffen ist praxisfern, kontraproduktiv und geht völlig am Bedarf vorbei."
"Generalistik","Stellungnahme_Finanzierungsgutachten_Kriesten_DBVA_02_2014, S. 4: 550","Gene165","Die generalistische Ausbildung führt zur Rückgänge bei Ausbildungsplätzen und Bewerberzahlen."
"Generalistik","Stellungnahme_Finanzierungsgutachten_Kriesten_DBVA_02_2014, S. 6: 908","Gene166","Der autonome Handlungsspielraum der Altenpflege wird durch den Verlust altenpflegerischer Kompetenzen in der generalistischen Ausbildung leiden."
"Generalistik","Stellungnahme_Generalistische_Pflegeausbildung_Kriesten_DBVA_06, S. 2: 1289","Gene167","Die generalistische Pflegeausbildung ist eine Rückentwicklung für die Pflege."
"Generalistik","Stellungnahme_Generalistische_Pflegeausbildung_Kriesten_DBVA_06, S. 3: 1056","Gene168","Die generalistische Pflegeausbildung wird den Fachkraftmangel in der Altenpflege verschärfen."
"Generalistik","Stellungnahme_Generalistische_Pflegeausbildung_Kriesten_DBVA_06, S. 3: 2727","Gene169","Die generalistische Pflegeausbildung geht mit einem Kompetenzverlust einher."
"Generalistik","Stellungnahme_Generalistische_Pflegeausbildung_Kriesten_DBVA_06, S. 4: 1442","Gene170","Die Ausbildungsbereitschaft der Betriege wird durch die generalistische Pflegeausbildung abnehmen."
"Generalistik","Stellungnahme_Generalistische_Pflegeausbildung_Kriesten_DBVA_06, S. 5: 814","Gene171","Die generalistische Pflegeausbildung wird Personen und Quereinsteiger von der Ausbildung fernhalten, die spezielles interesse an der Arbeit mit alten Menschen haben."
"Generalistik","VUD_MagazinQL_II-2017_2_2018-02-27-Ansicht_final, S. 5: 1240","Gene172","Kinder und hochbetagte Menschen werden unter der generalistischen Ausbildung leiden."
"Generalistik","VUD_MagazinQL_II-2017_2_2018-02-27-Ansicht_final, S. 5: 1335","Gene173","Die generalistische Ausbildung sichert einen hohen Versorgunsstandard"
"Generalistik","VUD_MagazinQL_II-2017_2_2018-02-27-Ansicht_final, S. 6: 521","Gene174","Die generalistische Pflegeausbildung bietet den Pflegefachpersonen zusätzliche Qualifizierungs- und Karrieremöglichkeiten."
"Akademisierung","Twitter","Akad175","Die Zugangsvoraussetzung für die Pflegeausbildung müssen erhöht werden."
"Monopol","Twitter","Mono176","Ich halte es für erforderlin eine klare Trennung familiärer Fürsorge und professioneller Pflege zu ziehen."
"Monopol","Twitter","Mono177","Was zur guten Pflege gehört weiß die professionelle Pflege am besten selbst."
"Monopol","Positionspapier-Hygienestandards-2015-09-11, S. 4: 921","Mono178","Qualitativ angemessene Pflege kann nur durch qualifiziertes Personal gewährleistet werden."
"Monopol","Positionspapier-Hygienestandards-2015-09-11, S. 4: 1910","Mono179","Den Tendenzen, gering oder anders qualifiziertes Personal für pflegerische Aufgaben einzusetzen, muss gegengesteuert werden."
"Pflegekammer","Twitter","Pfle180","Wir müssen solidarisch bleiben und uns nicht gegenseitig ausspielen!"
"Pflegekammer","Twitter","Pfle181","Eine Pflegekammer ist richtig und wichtig."
"Pflegekammer","Twitter","Pfle182","Die Pflegekammer ist nicht der Messias der Pflege."
"Pflegekammer","Twitter","Pfle183","Eine multiprofessionelle Kammer wäre mir lieber."
"Pflegekammer","Twitter","Pfle184","Die Kammergegner halten die die Entwicklung der Pflege auf."
"Pflegekammer","Twitter","Pfle185","Die Pflegekammer ist ein Muss, wenn wir in Deutschland eine Pflegeversorung unter international vergleichbaren Bedingungen haben wollen."
"Pflegekammer","Twitter","Pfle186","Wir können nicht auf die Politik hoffen, sondern müssen uns durch Selbsverwaltung (Pflegekammer) selbst aus dem Sumpf heraus ziehen."
"Pflegekammer","Twitter","Pfle187","Die Diskussion um die Pflegekammer lenkt uns nur von den relevanten Dingen ab."
"Pflegekammer","Twitter","Pfle188","Wir müssen andere Wege als die Pflegekammer finden, um die Pflege handlungsfähig zu machen."
"Pflegekammer","Twitter","Pfle189","Wir kommen an Kammern nicht vorbei."
"Pflegekammer","Twitter","Pfle190","Der Kampf gegen die Pflegekammer ist gegen die Interessen des Berufsstandes."
"Pflegekammer","Twitter","Pfle191","Pflege klagt nur als Opfer, statt sich zu organisieren."
"Pflegekammer","Twitter","Pfle192","Die Pflege braucht Solidarität."
"Pflegekammer","Twitter","Pfle193","Solangen die Weiterentwicklung der Pflege politisch nicht unterstützt wird, können Kammern und Verände noch so viel zur Entwicklung beitragen – es scheitert an der Umsetzung"
"Pflegekammer","Twitter","Pfle194","Eine Pflegekammer ist nicht das Ziel; sie ist ein Baustein, mit dem wir die Pflege attraktiv gestalten und politisch zur Geltung verhelfen können."
"Pflegekammer","Twitter","Pfle195","In wenigen Jahren werden die Menschen den Unterschied spüren, ob es in ihrem Bundesland eine Pflegekammer gibt."
"Pflegekammer","Twitter","Pfle196","Der Widerstand gegen Pflegekammer wird dem allgemeinen Unverständnis weichen, wie man sich der Weiterentwicklung der Pflege verweigern konnte."
"Pflegekammer","Twitter","Pfle197","Wir brauchen eine Stimme der Pflegenden."
"Pflegekammer","Twitter","Pfle198","Die Einrichtung einer Pflegekammer treibt die Emanzipation der Pflege voran."
"Pflegekammer","Twitter","Pfle199","Prinzipiell ist der Zusammenschluß der Pflege in einer Kammer aus meiner Sicht der einzige Weg, die Situation der Pflege langfristig zu verbessern."
"Pflegekammer","Twitter","Pfle200","Die Mitgliedschaft in einer Pflegekammer muss verpflichtend sein."
"Pflegekammer","Twitter","Pfle201","Die Pflege muss sich selbst organisieren, um der Gesellschaft zu zeigen, was sie wert ist."
"Pflegekammer","Twitter","Pfle202","Wir brauchen Gewerkschaften, Berufsverbände und Kammern – Zusammen und Solidarisch statt gegeneinander!"
"Pflegekammer","Twitter","Pfle203","Ich möchte in jedem Bundesland eine Pflegekammer."
"Pflegekammer","Twitter","Pfle204","Ich möchte ein starke Bundespflegekammer."
"Pflegekammer","Twitter","Pfle205","Ich möchte eine starke Stimme der Pflege im Gemeinsamen Bundesausschuss (G-BA)."
"Pflegekammer","Twitter","Pfle206","Die Kammer ist das richtige Organ, weil sie pflegerische Standards festlegen kann, die im Zweifel den Arbeitnehmer schützen."
"Pflegekammer","Twitter","Pfle207","Es gibt Bundesländer, in dem die Kammer schon seit Jahren gibt: da hat sich die Situation der Pflege kein bisschen verbessert."
"Pflegekammer","Twitter","Pfle208","ich will eine Pflegendenvereinigung mit frewilliger Mitgliedschaft."
"Pflegekammer","Twitter","Pfle209","Ich habe überhaupts nicht gegene eine Kammer, nur gegen eine Pflichtmitgliedschaft."
"Pflegekammer","Twitter","Pfle210","Ich bin nicht gegen eine solidarische und demokratische Interessenvertretung, jedoch wird eine Pflegekammer die Wünsche und Träume nicht erfüllen können."
"Pflegekammer","Twitter","Pfle211","Die Pflegekammern regeln zwar, empowern aber nicht wirklich."
"Pflegekammer","Twitter","Pfle212","Die Pflegekammer ist keine reale Interessenvertretung."
"Pflegekammer","Twitter","Pfle213","Die Pflegekammer ist eine Nebelkerze, die nach Jahrzehnten desolater Gesundheitspolitik gezündet wird."
"Pflegekammer","Twitter","Pfle214","Die Pflegekammern werden den Pflegenotstand nur mitverwalten und gezwungenermaßen in irgendeiner Form teillegitimieren."
"Pflegekammer","Twitter","Pfle215","Eine Pflegekammer ist ein Organ des Bevölkerungsschutzes."
"Pflegekammer","Twitter","Pfle216","Ohne Pflegekammer werden wir das Gesundheitssystem nie mitgestelaten dürfen."
"Pflegekammer","Twitter","Pfle217","Die Aufgaben der Plegekammer ergeben sich aus einem gesellschaftlichen Auftrag und nicht aus Bedürfnissen der Pflegefachpersonen."
"Pflegekammer","Twitter","Pfle218","Es bibt meines Erachtens keine sachlichen Gründe gegen die Pflegekammern, nur eine emotional geführte Debatte."
"Pflegekammer","Twitter","Pfle219","Das ist leider das Grundproblem der Pflege: nur Rumgehacke und Gemecker."
"Pflegekammer","Twitter","Pfle220","Die Pflegekammer ist nicht das Fundament für alle Verbesserungen in der Pflege, aber der zentrale Baustein für die pflegerische Professionalisierung."
"Pflegekammer","Twitter","Pfle221","Es würde der Pflege helfen, wenn sich die Pflegenden organisieren würden."
"Pflegekammer","Twitter","Pfle222","Eine Gewerkschaft verhandelt halt meinen Tarifvertrag, daher sind sie die Wichtigsten."
"Pflegekammer","Twitter","Pfle223","Kammer ohne Pflichtmitgliedschaft ist quasi handlungsunfähig."
"Pflegekammer","Twitter","Pfle224","Verdi ist nicht Teil der Lösung, sonder Teil der Probleme."
"Pflegekammer","Twitter","Pfle225","Pflege braucht eine Lobby!"
"Pflegekammer","Twitter","Pfle226","So lange Pflege sich nicht auf politischer Ebene organisiert, sollten sich alle Beteiligten nicht wundern, wenn andere alle Rahmenbedingungen definieren."
"Pflegekammer","Twitter","Pfle227","Die Pflegekammer ist der erste Schritt zur Besserung."
"Pflegekammer","Twitter","Pfle228","Mit Abschaffung der bereits gegründeren Pflegekamern wird es gewiss nicht besser, sondern noch schlimmer."
"Pflegekammer","Twitter","Pfle229","Die Abschaffung der bereits gegründeten Pflegekammern erstickt das gerade sprießende zarte Pflänzchen von Empowerment der Pflegefachpersonen."
"Pflegekammer","Twitter","Pfle230","Wenn die Pflegekammern sich auflösen war's das. Endgültig."
"Pflegekammer","Twitter","Pfle231","Eine Pflegendenvereinigung auf Basis freiwilliger Mitgliedschaft kann das gleiche schaffen wie eine Kammer mit Zwangsmitgliedschaft."
"Pflegekammer","Twitter","Pfle232","Ich sehe, dass die Eigeninitiative der berufliche Pflegenden zur Professionalisierung der Pflege gegen Null geht."
"Pflegekammer","Twitter","Pfle233","Die Pflege lässt sich nicht eine eine Kammer sperren!"
"Pflegekammer","Twitter","Pfle234","Mein Wunsch wäre, das alle drei (Pflegekammer, Berufsverbände, Gewerkschaften) im Schulterschluss für den Pflegeberuf einstehen."
"Pflegekammer","Twitter","Pfle235","Kein Verin, Verband und keine Gewerkschaft kann eine Pflegekammer 	
ersetzen."
"Pflegekammer","Twitter","Pfle236","Zweck der Pflegekammer ist Bevölkerungsschutz und Sicherstellung der pflegefachlichen Qualität – das hat mit den Befindlichkeiten der Pflegenden nichts zu tun."
"Pflegekammer","Twitter","Pfle237","Eins unserer größten Defizite ist, dass es uns nicht gelungen ist, die Bevölkerung vom persönlichen Nutzen einer Pflegekammer zu überzeugen."
"Pflegekammer","Twitter","Pfle238","Die Pflegekammer ist nicht das primäre Thema, sondern das Verständnis für die Bedetung professionell Pflegender für das Gesundheitswesen!"
"Pflegekammer","Twitter","Pfle239","Wer Politik für die Menschen macht, gibt der professionellen Pflege mit der Pflegekammer einen Stuhl am Tisch, wenn über Gesundheitspolitik entschieden wird."
"Pflegekammer","Twitter","Pfle240","Ich kann es nicht verstehen, wieso Teile unserer eigenen Professoin gegen Professionalisierung agiert."
"Pflegekammer","Twitter","Pfle241","Es wäre akzeptanzsteigernd, wenn in der Kammer nicht die gleichen Leute (Pflegemanager*innen, und -wissenschaftler*innen) wie am Arbeitsplatz dominieren würden."
"Pflegekammer","Twitter","Pfle242","Ich finde die Abstimmung für/gegen Pflegekammer völligst verfehlt: wenn Pflege als gesellschaftsrelevant betrachtet werden soll, dann kann nicht die Berufsgruppe darüber abstimmen."
"Pflegekammer","Twitter","Pfle243","Wenn es keine Pflegekammer geben sollte, sehe ich uns noch die nächsten 50 Jahre diskutieren und Merci schnabulieren."
"Pflegekammer","Twitter","Pfle244","Die Probleme der Pflege lassen sich nicht durch Zwangsrekrutierung und mehr Bürokratie beheben (Pflegekammer)."
"Pflegekammer","Twitter","Pfle245","Eine Pflegekammer ohne Pflichtmitgliedschaft und Beitrag ist keine Kammer."
"Pflegekammer","Twitter","Pfle246","Wie sich die Pflege organisiert, entscheidet die Pflege. Sonst hat da niemand (u.a. Verdi) mitzuschnabeln."
"Pflegekammer","Twitter","Pfle247","Die Pflegekammer ist ein Fall für die Tonne!"
"Pflegekammer","Twitter","Pfle248","Die professionelle Pflege braucht eine stärkere Vertregung in Steuerungsgremen im Gesundheitswesen."
"Pflegekammer","Twitter","Pfle249","Wenn wir alles, was nicht direkte Patient*innenversorgung ist, selbst als Ausstieg aus der Pflege bezeichnen, brauchen wir und nicht wunden, wenn Kammern und Berufsverbände von der Gesellschaft nicht zur Pflege zugehörig betrachtet werden."
"Pflegekammer","Twitter","Pfle250","Pflege muss immer am Bett arbeiten, sonst keine Pflege!"
"Pflegekammer","Twitter","Pfle251","Pflegekammern können zu einer Innovation im Gesundheitssystem und damit zur Veränderung der Gesellschaft beitragen."
"Pflegekammer","Twitter","Pfle252","Das Gesundheitswesen braucht eine starke Pflege!"
"Pflegekammer","Twitter","Pfle253","Pflegekammergründungen zu verhindern kann ich nicht im Ansatz verstehen."
"Pflegekammer","Twitter","Pfle254","Eine Kammer gehürt zu einem etablierten Beruf dazu."
"Pflegekammer","Twitter","Pfle255","Es braucht eine starke Bundespflegekammer."
"Pflegekammer","Twitter","Pfle256","Außer Pflege selbst hat keiner Interesse die Rolle der Pflege im Gesunheitssystem zu definieren."
"Pflegekammer","Twitter","Pfle257","Pflegekammer und eine Bundespflegekammer als Dachorganisation plus eine Spartengewerkschaft Pflege. So würde ich mir das wünschen"
"Pflegekammer","Twitter","Pfle258","Wenn es in jedem Bundesland eine Kammer gäbe, wäre Pflege endlich organisiert."
"Pflegekammer","Twitter","Pfle259","Ich kenne mich mit der Pflegekammer nicht gut genug aus, um Vor- und Nachteile davon benennen zu können."
"Pflegekammer","Twitter","Pfle260","Pflege geht nicht gerne in Gewerkschaften – das ist das Problem."
"Pflegekammer","Twitter","Pfle261","Ausschließlich die Pflegekammern können für ALLE Pflegefachpersonen sprechen."
"Pflegekammer","Twitter","Pfle262","Wir brauchen die Pflegekammer, die Gewerkschaft und den Berufsverband – alle drei zusammen im Schulterschluss für den Pflegeberuf!"
"Pflegekammer","Twitter","Pfle263","Eine starke Gewerkschaft ist wichtig, aber nicht eine, der die Profession Pflege egal zu sein scheint (verdi)."
"Pflegekammer","Twitter","Pfle264","Bei der Pflegekammer habe ich die Befürchtung, dass Personen schnell in Ämter kommen, die wenig oder gar nicht in der direkten Pflege am Bett gearbeitet haben."
"Pflegekammer","Twitter","Pfle265","Pflege muss sich viel mehr organisieren, um in dem ""Spiel"" stärker aufzutreten."
"Pflegekammer","Twitter","Pfle266","Pflege braucht Organisation – und die fehlt!"
"Pflegekammer","Twitter","Pfle267","Wir haben ein gemeinsames Ziel: Bringt die Pflege voran!"
"Pflegekammer","Twitter","Pfle268","Professionelle Pflege braucht eine starke Gewerkschaft."
"Pflegekammer","Twitter","Pfle269","Ich wünsche mir, dass wir Zeit und Personal haben, um eine qualitativ hochwertige und evidenzbasierte Pflege durchzuführen und erst danach professionsfremde Tätigkeiten übernehmen."
"Pflegekammer","Twitter","Pfle270","Ohne Selbstverwaltung werden andere Körperschaften ohne Intersse an professioneller Pflege über Pflegeberufe entscheiden"
"Pflegekammer","Twitter","Pfle271","Ohne Selbstverwaltung der Pflegeberufe gibt es keinen Interessen- und Entscheidungsträger, der wirkliches Interesse an professioneller Pflege hat."
"Pflegekammer","Twitter","Pfle272","Eine Pflegekammer als Unterstützer und Stimme einer professionellen Pflege it mehr als überfällig!"
"Pflegekammer","Twitter","Pfle273","Die Pflegekammer ist Privatisierung von staatlichen Aufgaben."
"Pflegekammer","das_grundlegende_demokratiedefizit_bei_kammern_mit_zwangsmitgli, S. 2: 944","Pfle274","Eine Pflegekammer ist keine Interessenvertretung."
"Pflegekammer","das_grundlegende_demokratiedefizit_bei_kammern_mit_zwangsmitgli, S. 2: 2835","Pfle275","Die Personen hinter und in den Pflegekammern verfolgen andere Ziele, als ihnen der gesetzliche Rahmen vorgibt, wenn sie sich als Interessenvertretung ausgeben."
"Pflegekammer","das_grundlegende_demokratiedefizit_bei_kammern_mit_zwangsmitgli, S. 3: 2486","Pfle276","Die Einrichtung von Kammern bedeutet einen eklatanten Eingriff in die Grundrechte."
"Pflegekammer","_Nds%20Pflegendenvereinigung%20Sept.2019%20web, S. 2: 699","Pfle277","Die Einführung einer Pflegekammer muss mit einer Vollbefragung der Pflegefachpersonen verbunden sein."
"Pflegekammer","_Nds%20Pflegendenvereinigung%20Sept.2019%20web, S. 3: 1947","Pfle278","Eine Pflegekammer stellt keine Interessenvertretung der Pflegenden dar, sondern vertritt die Interessen der Pflegebedürftigen bzw. Gesellschaft gegenüber den Pflegenden."
"Pflegekammer","_Nds%20Pflegendenvereinigung%20Sept.2019%20web, S. 3: 2351","Pfle279","Eine Berufsordnung verbessert die Situation der Pflege nicht, sondern erhöhrt den Druck auf die Pflegekräfte."
"Pflegekammer","_Nds%20Pflegendenvereinigung%20Sept.2019%20web, S. 4: 138","Pfle280","Eine Pflegekammer kann keinen spürbaren Einfluss auf die Rahmenbedingen in der Pflege nehmen."
"Pflegekammer","_Nds%20Pflegendenvereinigung%20Sept.2019%20web, S. 4: 247","Pfle281","Der Pflegekammer fehlen wesentliche Instrumente zur Verbesserung der Situation der Pflegenden und der Pflegebedürftigen."
"Pflegekammer","_Nds%20Pflegendenvereinigung%20Sept.2019%20web, S. 4: 1605","Pfle282","Anstatt Pflegekammer soll auf Landesebene eine Vereinigung der Pflegenden auf freiwilligenbasis geben."
"Pflegekammer","_Nds%20Pflegendenvereinigung%20Sept.2019%20web, S. 4: 1753","Pfle283","Für eine umfassende Interessenvertretung der Pflege sollen neben den examinierten Pflegefachkräften auch Pflegehilfskräfte, Auszubildende, OTAs und ATAs einbezogen werden."
"Pflegekammer","_Nds%20Pflegendenvereinigung%20Sept.2019%20web, S. 4: 1953","Pfle284","Berufsverbände, Gewerkschaften und auch andere Verbände – außer Arbeitgeberverbände – sollten Mitglieder einer freiwilligen Vereininung der Pflegenden sein dürfen."
"Pflegekammer","_Nds%20Pflegendenvereinigung%20Sept.2019%20web, S. 4: 2199","Pfle285","Nur durch die Pflichmitgliedschaft der Pflegekammer kann die Pflege mit ""einer Stimme"" reden."
"Pflegekammer","_Nds%20Pflegendenvereinigung%20Sept.2019%20web, S. 5: 2377","Pfle286","Die Pflichtbeiträge sind der Hauptgrund für die Ablehnung der Pflegekammer."
"Pflegekammer","2018-03-14%20V03-18-019%20Flyer%20Pflegekammer%20Brandenburg-Ei, S. 5: 6","Pfle287","Sicherstellung einer sachgerechten professionellen Pflege ist Aufgabe des Staates, nicht einer Pflegekammer."
"Pflegekammer","2018-03-14%20V03-18-019%20Flyer%20Pflegekammer%20Brandenburg-Ei, S. 6: 456","Pfle288","Die Einführung einer Pflegekammer kann dazu führen, dass der Staat sich aus der Verantwortung stiehlt und untätig bleibt. UMFORMULIEREN!"
"Pflegekammer","2018-03-14%20V03-18-019%20Flyer%20Pflegekammer%20Brandenburg-Ei, S. 6: 1423","Pfle289","Die Aufwertung der Pflegeberufe is überfällig – eine Pflegekammer leistet dies nicht."
"Pflegekammer","2018-03-14%20V03-18-019%20Flyer%20Pflegekammer%20Brandenburg-Ei, S. 7: 1616","Pfle290","Die Pflegekammer wird nicht für alle Pflegekräfte sprechen."
"Pflegekammer","2018-03-14%20V03-18-019%20Flyer%20Pflegekammer%20Brandenburg-Ei, S. 8: 804","Pfle291","Die Pflegekammer wird durch die Fortbildungspflicht den Druck auf die Pflegenden erhöhen, statt sie zu entlasten."
"Pflegekammer","2018-03-14%20V03-18-019%20Flyer%20Pflegekammer%20Brandenburg-Ei, S. 8: 914","Pfle292","Eine Pflegekammer hilft nicht unsere Interessen zu vertreten."
"Pflegekammer","2018-03-14%20V03-18-019%20Flyer%20Pflegekammer%20Brandenburg-Ei, S. 9: 0","Pfle293","Ich halte eine Pflegekammer für sinnlos."
"Pflegekammer","2018-03-14%20V03-18-019%20Flyer%20Pflegekammer%20Brandenburg-Ei, S. 9: 73","Pfle294","Kammer gibt es für Selbstängige, Angestellten bringt das nichts."
"Pflegekammer","2018-03-14%20V03-18-019%20Flyer%20Pflegekammer%20Brandenburg-Ei, S. 9: 155","Pfle295","Ich sehe nicht ein, einen Pflichbeitrag zu bezahlen, damit irgendwelche Leute Posten in einer Pflegekammer bekommen."
"Pflegekammer","180119_broschuere-pflegekammer%20BaWü%202018%20web, S. 5: 148","Pfle296","Eine Pflegekammer stellt eine sachgerechte, professionelle Pflege sicher."
"Pflegekammer","180119_broschuere-pflegekammer%20BaWü%202018%20web, S. 5: 1110","Pfle297","Die Pflegekammer hat keinen Einfluss auf die Verhältnisse, unter denen gearbeitet wird."
"Pflegekammer","180119_broschuere-pflegekammer%20BaWü%202018%20web, S. 5: 2276","Pfle298","Die Pflegekammer hilft den Arbeitgeber und den Staat dabei, sich aus der Verantwortung zu stehlen."
"Pflegekammer","180119_broschuere-pflegekammer%20BaWü%202018%20web, S. 6: 208","Pfle299","Der Einfluss auf die Verhältnisse in der Pflege liegt außerhalb der Kompetenzen einer Pflegekammer."
"Pflegekammer","180119_broschuere-pflegekammer%20BaWü%202018%20web, S. 6: 423","Pfle300","Die Berufsordnung und Sanktionierung von Verstößen macht Pflegenden zu Diener*innen zweier Herren – des Arbeitgebers und der Pflegekammer."
"Pflegekammer","180119_broschuere-pflegekammer%20BaWü%202018%20web, S. 6: 989","Pfle301","Aus der versprochenen Selbstbestimmung duch die Pflegekammer wird eine doppelte Fremdbestimmung (Arbeitgeber und Pflegekammer), die zu züsätzlichen Konflikten führt."
"Pflegekammer","180119_broschuere-pflegekammer%20BaWü%202018%20web, S. 6: 1424","Pfle302","Die Pflege wird durch die Pflegekammern gespaltet, da z.B. Pflegehilfskräfte kein Mitglied werden können."
"Pflegekammer","180119_broschuere-pflegekammer%20BaWü%202018%20web, S. 8: 1618","Pfle303","Die Pflege kann sich nicht selbst am eigenen Schopf aus dem Sumpf ziehen – sie benötigt dabei (politische) Hilfe von außen."
"Pflegekammer","180119_broschuere-pflegekammer%20BaWü%202018%20web, S. 8: 1979","Pfle304","Es wird doch niemand ernsthaft glauben, dass Pflegekräfte allein durch eine Pflegekammer auf Augenhöhe mit den Ärzt*innen kommen werden."
"Pflegekammer","180119_broschuere-pflegekammer%20BaWü%202018%20web, S. 9: 1396","Pfle305","Eine Pflegekammer führt nicht dazu, dass die Pflegenden mit einer Stimme sprechen."
"Pflegekammer","180119_broschuere-pflegekammer%20BaWü%202018%20web, S. 9: 1586","Pfle306","Die Pflegekammer kann nichts zur Verbesserung des beruflichen Alltags der Pflegenden beitragen."
"Pflegekammer","180119_broschuere-pflegekammer%20BaWü%202018%20web, S. 9: 2096","Pfle307","Die Einrichtung einer Pflegekammer kostet Kraft, Geld und Zeit, die für eine wirksame Verbesserung der Pflegenden woanders gebraucht werden."
"Pflegekammer","180206_Info_Pflegekammer, S. 2: 1754","Pfle308","Durch die Pflegekammer kommt es zu einer ""Privatisierung"" der staatlichen Verantwortung für die Qualität der Pflege."
"Pflegekammer","180206_Info_Pflegekammer, S. 2: 2988","Pfle309","Die Aufwertung der Pflegeberufe ist überfällig – eine Pflegekammer leistet dies nicht."
"Pflegekammer","KHI%20Pflegekammer, S. 5: 4006","Pfle310","Mit einer Pflegekammer sprechen die Pflegenden nicht mit einer Stimme, sondern werden eher autoritär gegängelt."
"Pflegekammer","KHI%20Pflegekammer, S. 5: 4122","Pfle311","Die Pflegekammer ist eine Spielwiese für einzelne Funktionäre von Pflegeverbänden zur Durchsetzung persönlicher Vorstellungen."
"Pflegekammer","KHI%20Pflegekammer, S. 5: 4456","Pfle312","Die Pflegekammer kann keines der Probleme der Pflegenden lösen."
"Pflegekammer","reader%20kammer%20nds%20medium, S. 4: 50","Pfle313","In einer freien Gesellschaft bestimmen die Individuen selbst, ob und von wem sie sich vertreten lassen wollen."
"Pflegekammer","reader%20kammer%20nds%20medium, S. 4: 1160","Pfle314","Eine Qualitätssicherung durch die Pflegekammer ist unmöglich, weil die nicht examinierten Pflegekräfte nicht von den Vorgaben der Pflegekammer betroffen sein werden, da sie ihr nicht angehören."
"Pflegekammer","reader%20kammer%20nds%20medium, S. 4: 2511","Pfle315","Gegen die Einrichtung einer Pflegekammer spricht, dass sie auf die eigentlichen Probleme in der Pflege gar keinen Einfluss nehmen kann."
"Pflegekammer","reader%20kammer%20nds%20medium, S. 4: 4121","Pfle316","Die Pflegekammer ist ein ungeeignetes Instrument, um die vorhangenen Probleme in der Pflege zu lösen."
"Pflegekammer","reader%20kammer%20nds%20medium, S. 5: 2529","Pfle317","Die Pflegekammer schützt vor schlechter Pflege."
"Pflegekammer","reader%20kammer%20nds%20medium, S. 10: 291","Pfle318","Hauptsächlich Leute, die aus der direkten Pflege raus sind, wollen eine Pflegekammer."
"Pflegekammer","reader%20kammer%20nds%20medium, S. 10: 389","Pfle319","Ich finde es ganz blös, dass ich gezwungen bin, an einer Pflegekammer Mitglied zu werden und bezahlen muss."
"Pflegekammer","reader%20kammer%20nds%20medium, S. 10: 845","Pfle320","Mit der Pflegekammer schleicht die Politik sich aus ihrer Verantwortung und schafft noch mehr Bürokratie."
"Pflegekammer","reader%20kammer%20nds%20medium, S. 10: 956","Pfle321","Die Einführung einer Pflegekammer ist insbesondere denjenigen nicht vermittelbar, die unmittelbar am Bett stehen."
"Pflegekammer","reader%20kammer%20nds%20medium, S. 10: 1172","Pfle322","Durch die Pflgekammer kommer nur Kosten auf mich zu."
"Pflegekammer","reader%20kammer%20nds%20medium, S. 10: 1416","Pfle323","Ich will mich nicht überrumpelt werden, da ich das Thema Pflegekammer gar nicht kenne."
"Pflegekammer","reader%20kammer%20nds%20medium, S. 10: 2880","Pfle324","Es wird nichts besser mit einer Kammer."
"Pflegekammer","reader%20kammer%20nds%20medium, S. 10: 2977","Pfle325","Die Zwangsmitgliedschaft in einer Pflegekammer ist absolut gegen meine demokratische Wertevorstellung."
"Pflegekammer","reader%20kammer%20nds%20medium, S. 10: 3145","Pfle326","Wenn die Politik nicht bereit ist, vernünftige Rahmenbedingungen in der Pflege zu schaffen, dann ist die Pflegekammer ein Feigenblatt zum Verstecken."
"Pflegekammer","reader%20kammer%20nds%20medium, S. 10: 3624","Pfle327","Viele neue Berufsbilder werden durch die Kammer nicht berücksichtigt und ausgegrenzt."
"Pflegekammer","reader%20kammer%20nds%20medium, S. 11: 681","Pfle328","Es besteht die Gefahr, dass durch die Fortbildungspflicht (durch eine Pflegekammer) meine Freizeit und finanziellen Mitteln reduziert werden."
"Pflegekammer","reader%20kammer%20nds%20medium, S. 11: 1185","Pfle329","Die Zwangsverkammerung vertößt gegen meine Grundrechte."
"Pflegekammer","reader%20kammer%20nds%20medium, S. 11: 2204","Pfle330","Eine Kammer dient nur dazu, noch mehr Druck für die Pflegekräfte aufzubauen."
"Pflegekammer","reader%20kammer%20nds%20medium, S. 11: 2276","Pfle331","Solange nicht jede in der Pflege arbeitende Person über die Kammer informiert wird und eine Möglichtkeit zur Wahl hat, ist die Verkammerung reine Willkür aund Augenwischerei."
"Pflegekammer","reader%20kammer%20nds%20medium, S. 11: 2597","Pfle332","Die Pflegekammer will nur mein Geld und tut nichts für mich."
"Pflegekammer","reader%20kammer%20nds%20medium, S. 11: 2784","Pfle333","In der Pflegekammer mauscheln nur diejenigen rum, die von der Arbeit am Bett keinen blassen Schimmer haben."
"Pflegekammer","reader%20kammer%20nds%20medium, S. 11: 3095","Pfle334","Eine Pflegekammer verschlechtert die Vergütung der bereits schlecht bezahlren Pflegefachpersonen durch die Zwangsbeiträge."
"Pflegekammer","reader%20kammer%20nds%20medium, S. 11: 3471","Pfle335","Die Pflegekammer werden vom mittleren Management und Beratungsindustrie dominiert."
"Pflegekammer","reader%20kammer%20nds%20medium, S. 13: 3728","Pfle336","Eine Pflegekammer spricht mit einheitlicher Stimme für alle Pflegefachpersonen."
"Pflegekammer","reader%20kammer%20nds%20medium, S. 14: 1068","Pfle337","Bei der Pflegekammer handelt es sich um die Privatisierung staatlicher Aufgaben, die von den Beschäftigen durch Zwangsbeiträge finanziert werden."
"Pflegekammer","reader%20kammer%20nds%20medium, S. 17: 2669","Pfle338","Durch die Pflegekammer wird ein Zwei-Klassen-System (Pflegefachpersonen vs. Hilfskräfte) etabliert."
"Pflegekammer","focus_dpr_position_pflegeberufekammer_180822, S. 2: 2076","Pfle339","Eine Pflegekammer treibt die Professionalisierung voran."
"Pflegekammer","focus_dpr_position_pflegeberufekammer_180822, S. 3: 610","Pfle340","Pflegekammer, Berufsverband und Gewerkschaft ergänzen sich und tragen alle drei entscheidend zu einer guten und sicheren Pflege bei."
"Pflegekammer","focus_dpr_position_pflegeberufekammer_180822, S. 3: 1783","Pfle341","Die Bundespflegekammer wird eine gemeinsame Interessenvertretung der Pflegefachpersonen und damit ein Ansprechpartner der Politik sein."
"Pflegekammer","2012_11_01_STN_Pflegekammer, S. 3: 705","Pfle342","Die Einführung einer Pflegekammer führt zur weiteren Bürokratisierung des Berufes."
"Pflegekammer","2012_11_01_STN_Pflegekammer, S. 3: 967","Pfle343","Eine Pflegekammer ist kann keine Interessenvertretung der Pflegenden sein."
"Pflegekammer","2012_11_01_STN_Pflegekammer, S. 4: 318","Pfle344","Die Pflegekammern können eine professionelle Pflege weder gewährleisten noch verbessern."
"Pflegekammer","2012_11_01_STN_Pflegekammer, S. 4: 463","Pfle345","Pflege vor Ort benötigt keine Pflegekammer, sondern Wertschätzung, Anerkennung, Entlastung und Unterstützung. EVENTUELL UMFORMULIEREN?"
"Pflegekammer","20141030STN_Anhoerung_Saarland%20Pflegekammer, S. 2: 1683","Pfle346","Pflegekammern können pflegebedürftige Menschen vor schlechter oder unsachgemäßer Pflege nicht besser schützen, als die derzeitigen staatlichen Instanzen."
"Pflegekammer","20141030STN_Anhoerung_Saarland%20Pflegekammer, S. 3: 3","Pfle347","Die korrekte Berufsausübung bedarf der gesellschaftlichen Kontrolle und unabhängiger Gerichte und soll nicht dem Berufsstand selbst überlassen (Pflegekammer)."
"Pflegekammer","20141030STN_Anhoerung_Saarland%20Pflegekammer, S. 3: 903","Pfle348","Aufgrund des gesamtgesellschaftlichen Interesses sollte die Regelung von pflegerishcen Aus- und Weiterbilgund eine staatliche Aufgabe bleiben und nicht in den Regelungsbereich einer Pflegekammer übergehen."
"Pflegekammer","Position-BAG-Pflegeunternehmer-zu-Pflegekammern-2015-11-19, S. 2: 417","Pfle349","Pflege benötigt eine Selbsverwaltung auf Augenhöhe. Dies kann nur eine Pflegekammer sein."
"Pflegekammer","Position-BAG-Pflegeunternehmer-zu-Pflegekammern-2015-11-19, S. 2: 2558","Pfle350","Durch Pflegekammern wird sich die professionelle Haltung der Pflegefachpersonen nachhaltig verbessern."
"Pflegekammer","2017_11_02_Pflegeberufekammer_Infotour_in_NRW_final_final, S. 2: 1664","Pfle351","Die Errichtung von Pflegeberufekammern auf Landes- und  Bundesebene ist optionslos."
"Pflegekammer","2017_11_02_Pflegeberufekammer_Infotour_in_NRW_final_final, S. 2: 1749","Pfle352","Die beruflich Pflegenden müssen gleich und stimmberechtigt in die politische Diskussion eingebunden werden."
"Pflegekammer","170608_VPU_Statement_Pflegekammer_SH_v01, S. 2: 558","Pfle353","Pflegekammern stellen sicher, dass die Pflegeberufe am politischen Entscheidungsprozess teilnehmen, die Interessen ihrer Mitglieder gebündelt vertreten, berufsspezifische Weichen stellen und die Weiterentwicklung der Pflege vorantreiben."
"Pflegekammer","170608_VPU_Statement_Pflegekammer_SH_v01, S. 2: 1147","Pfle354","Es gibt keine Alternative zur Pflegekammer."
"Pflegekammer","170608_VPU_Statement_Pflegekammer_SH_v01, S. 2: 1286","Pfle355","In einer demokratisch legitimierten Interessenvertretung der Pflegefachpersonen ist kein Platz für Arbeitgeberverbände."
"Pflegekammer","170608_VPU_Statement_Pflegekammer_SH_v01, S. 2: 1411","Pfle356","Wer auch in zehn Jahren noch eine hochwertige Pflege erwartet, der darf den Willen der Pflegefachpersonen endlich auf Augenhöhge mit anderen verkammerten Berufsgruppen an der politischen Entscheidungsfindung teilzunehmen nicht weiter ignorieren."
"Pflegekammer","170608_VPU_Statement_Pflegekammer_SH_v01, S. 2: 2207","Pfle357","Die Vorstellung, dass Arbeitnehmer und Arbeitgeber sich gemeinsam für die strukturellen, wirtschaftlichen und politischen Forderungen der Pflegenden stark machen, ist absurd."
"Pflegekammer","170608_VPU_Statement_Pflegekammer_SH_v01, S. 3: 33","Pfle358","Eine freiwillige Vereinigung (anstatt Pflegekammer) bremst die Weiterentwicklung auf Landesebene und hebelt die Möglichkeit aus, die Interessen auf Bundesebene zu vertreten, da eine Vereinigung kein Mitglied der Bundespflegekammer sein kann."
"Politischer Einfluss","Twitter","Poli359","Keiner nimmt die Forderungen der Pflegefachpersonen ernst, weil wir uns nicht durchsetzen können."
"Politischer Einfluss","Twitter","Poli360","Wir müssen uns organisieren und einen Platz am Tisch der Entscheidungsträger*innen sichern"
"Politischer Einfluss","Twitter","Poli361","Die Probleme der professionelle Pflege können nur dadurch gelöst werden, wenn die Pflegefachkräfte endlich ihr Mibestimmungsrecht wahrnehmen und sich entsprechend organisieren."
"Politischer Einfluss","Twitter","Poli362","Partizipation im Gemeinsamen Bundesausschuss (G-BA) sollte eines der wichtigsen Ziele von professionell Pflegenden sein."
"Politischer Einfluss","Twitter","Poli363","Ich wünsche mir mehr Solidarität für eine bessere Zukunft der Pflege."
"Politischer Einfluss","Twitter","Poli364","Es sieht so aus, dass der politische Wille zur Professionalisierung und Stärkung der Pflege in Deutschland fehlt."
"Professionalisierung","Twitter","Prof365","Es mangelt uns in Deutschland an einer Verständnis von qualitativ hochwertiger Pflege, die professionalle angelegt ist."
"Professionalisierung","Twitter","Prof366","Problem ist ja, dass die Bevölkerung in Deutschland nicht mal weiß was der Unterschied zwischen professioneller Pflege und Laienpflege ist."
"Professionalisierung","Twitter","Prof367","Pflege wird nicht wirklich als Profession gesehen, weil das Pflegebild hierzulande von den kirchlichen, aufopferungsvollen Gedanken geprägt ist."
"Professionalisierung","Twitter","Prof368","Unqualifizierte Hilfskräfte, die Pflegetätigkeiten ausführen, sind Teil des Problems und nicht Teil der Lösund – professionelle Pflege kann das nicht gutheißen."
"Professionalisierung","Twitter","Prof369","Pflege kann sich nur professionalisieren, wenn wir Zugehörige und Nutzer für angebliche Innovationen und Implementierung dieser zu Wort kommen lassen."
"Professionalisierung","Twitter","Prof370","Wir müssen weg von diesem Aufopferungs- und Berufungskram hin zu professioneller Pflege."
"Professionalisierung","Twitter","Prof371","Gute pflegerische Versorgung setzt eine professionelle Planung voraus."
"Professionalisierung","Twitter","Prof372","Professionelle Pflege ist Menschenrecht!"
"Professionalisierung","Twitter","Prof373","Um ehrlich zu sein, bezweifle ich, dass es professionelle Pflege noch in 10 Jahren gibt."
"Professionalisierung","Twitter","Prof374","Die Pflege wertet man auf mit Bildung, gerechter Vergütung, Augenhöhe mit anderen Gesundheitsprofessionen, berufl. Weiterentwicklung, gute Führung und Arbeitsbedingungen, die ein zufriedenes, langes Verbleiben im Beruf ermöglichen."
"Professionalisierung","Twitter","Prof375","Berufliche Pflege ist ein professioneller Beruf mit 3 Jahren Ausbildung oder Studium – nicht Berufung."
"Professionalisierung","Twitter","Prof376","Pflege ist eine hochprofessionelle Tätigkeit."
"Professionalisierung","Twitter","Prof377","Pflege läuft Gefahr sich immer weiter zu deprofessionalisieren."
"Professionalisierung","Twitter","Prof378","Die Pflege will sich selber nicht professionalisieren."
"Professionalisierung","Twitter","Prof379","Die Profession Pflege ist ein Mythos."
"Professionalisierung","Twitter","Prof380","Pflege ist eine eigene Profession."
"Professionalisierung","Twitter","Prof381","Die Pflege sollte mehr Interesse an ihrer eigenen Profession bekommen und für sie eintreten."
"Professionalisierung","Twitter","Prof382","Professionelle Pflege in Deutschland ist tot. Wir können das gleich lassen, das wird nämlich nichts mehr."
"Professionalisierung","Twitter","Prof383","Ich glaube, die Pflege hat es nicht mehr verdient, dass wir uns noch weiter dafür stark machen."
"Professionalisierung","Twitter","Prof384","Wer qualitativ hochwertig pflegen will, beginnt entweder jetzt erst den ""Pflexit"" zu planen oder geht ins Ausland. RIP Professionelle und qualiativ hochwertige Pflege."
"Professionalisierung","Twitter","Prof385","Professionelle Pflege ist mehr als Alltagsbegleitung und Bedienung von Geräten."
"Professionalisierung","Twitter","Prof386","Wir müssen die Pflegeberufe entwicklungsfähig gestalten, wenn wir die professionelle Pflege nachhaltig aufwerten wollen."
"Professionalisierung","Twitter","Prof387","Für professionelle Pflege ist kein Platz mehr – sie halten nur noch den Laden am Laufen."
"Professionalisierung","180119_broschuere-pflegekammer%20BaWü%202018%20web, S. 9: 2265","Prof388","Eine weitere Professionalisierung der Pflege braucht deutlich verbesserte Rahmenbedingungen."
"Professionalisierung, Ansehen","Twitter","Prof389","Pflege ist mehr als ""warm, satt und sauber""."
"Professionalisierung, Aufgabenverteilung","Twitter","Prof390","Pflege ist eine Profession, Medizin eine andere."
"Professionalisierung","Twitter","Prof391","Ich erlebe eher Grabenkämpfe und keinen Zusammenhalt. Wir sind alle Pflege egal ob Altenpflege, Krankenpflege, Wissenschaft, Pädagogik, Management etc."
"Professionalisierung, Generalistik","Stellungnahme_Generalistische_Pflegeausbildung_Kriesten_DBVA_06, S. 5: 1364","Prof392","Eine Professionalisierung kann nicht über die sich an die Grundausbildung anschließende Spezialisierung erfolgen."
"Professionalisierung, Generalistik, Ansehen","Stellungnahme_Finanzierungsgutachten_Kriesten_DBVA_02_2014, S. 4: 311","Prof393","Die generalistische Ausbildung führt zur Imageverlust durch Professionalisierungsverlust der jetzigen drei Pflegeberufe."
"Professionalisierung, Pflegekammer","2012_11_01_STN_Pflegekammer, S. 3: 1596","Prof394","Eine Verkammerung der Pflege ist mit der Professionalisierung der Pflege gleich zu setzen."
"Professionalisierung, Pflegekammer","2012_11_01_STN_Pflegekammer, S. 3: 1842","Prof395","Die Pflege wird nicht durch Schaffung von neuen Strukturen, sondern durch ein entsprechendes Handlungsspektrum professionalisiert und von benachbarten Professionen anerkannt."
"Pwi/EBP","DGP-_-Dekankoneferenz-Eckpunktepapier-06.10.2012, S. 5: 2742","Pwi/396","Vor dem Hintergrund der demographischen Entwicklung ist ein Ausbau der Pflegewisenschaft dringend angeraten."
"Pwi/EBP","DBfK_Junge-Pflege-Positionspapier_Pflegeausbildung-2019, S. 3: 1000","Pwi/397","Die in der Ausbildung vermittelten theoretischen und praktischen Kompetenzen müssen anhand aktueller wissenschaftliche Erkenntnisse begründet sein."
"Pwi/EBP","DBfK-Positionspapier-BAG-Pflege-im-Funktionsdienst-Fachpflegequ, S. 2: 60","Pwi/398","Eine patientenorientierte professionelle Pflege nach neusten pflege- und bezugswissenschaftlichen Erkenntnissen erfordert eine Fachplegequote."
"Pwi/EBP","Position-freiberufliche-Pflege_2012-08-09-final, S. 3: 95","Pwi/399","Berufliche Pflege bezieht sich auf einen eigenen Gegenstand von Wissen, Handeln und Können, den sie selber erforscht und akademisch umsetzt."
"Pwi/EBP","Position-freiberufliche-Pflege_2012-08-09-final, S. 4: 331","Pwi/400","Grundlage für pflegerisches Handeln ist der jeweilige Stand pflege- und bezugswissenschaftlicher sowie medizinischer Erkenntnisse."
"Pwi/EBP","Resolution-des-DBfK-zu-SDGs-2017-05-012, S. 4: 2746","Pwi/401","Einmal erworbenes Wissen veraltet und muss selbstverständlich während des gesamten Berufsleben immer wieder aktualisiert werden."
"Pwi/EBP, Fachsprache","DBfK-OeGKV-SBK_zu_ICNP_2011, S. 2: 824","Pwi/402","Eine einheitliche Nutzung von Begriffen und Fachsprache ist für die Pflege unabdingbar."
"Rahmenbedingungen","Twitter","Rahm403","Mehr Lohn ist zwar gut, aber nicht die einzige Lösung."
"Rahmenbedingungen","Twitter","Rahm404","Pflege hat die höchsten Gehaltssteigerungen aller Berufsgruppen in den letzten Jahren und die Situation hat sich nicht verbessert – offensichtlich hilft das also nicht."
"Rahmenbedingungen","Twitter","Rahm405","Alles unter 4000€ im Monat ist für diese Profession unwürdig."
"Rahmenbedingungen","Twitter","Rahm406","Geld allein führt nicht zu einer Professionalisierung."
"Rahmenbedingungen","Twitter","Rahm407","Bessere Rahmenbedindungen und Löhne sehe ich als integralen Bestandteil einer Professionalisierung und Weiterentwicklung."
"Rahmenbedingungen","Twitter","Rahm408","Professionelle Pflege ist eine hochqualifizierte Arbeit, die angemessen vergütet und entlohnt werden sollte."
"Rahmenbedingungen","Twitter","Rahm409","Geld ist meiner Meinung nach nur ein Teilaspekt; es benötigt viel mehr ein Stärken der Position der Pflege."
"Rahmenbedingungen","180206_Info_Pflegekammer, S. 2: 1019","Rahm410","Nur gute Ausbildungs- und Arbeitsbedingungen sowie ausreichend Zeit für Patient*innen und Bewohner*innen sichern eine gute Qualität der Pflege."
"Rahmenbedingungen, Akademisierung","Twitter","Rahm411","Der Knackpunkt ist nicht-akademisch oder akademisch – gute Pflege braucht Zeit und gute Rahmenbedingungen."
"Rahmenbedingungen, Pflegekammer","reader%20kammer%20nds%20medium, S. 6: 326","Rahm412","Die Pflegekammer hat keinen Einfluss auf die Rahmenbedingungen."
"Rahmenbedingungen, Pflegekammer","reader%20kammer%20nds%20medium, S. 7: 3977","Rahm413","Die Pflegekammer wird diejenigen, die sich eine Verbesserung ihrer Situation erhoffen enttäuschen und Pflegefachpersonen weiter demotivieren, in diesem Berufsfelf zu verbleiben."
"Rahmenbedingungen, Pflegekammer","reader%20kammer%20nds%20medium, S. 10: 624","Rahm414","Es braucht eine Zwangsverkammerung sondern endlich bessere Rahmenbedingungen und mehr Personal."
"Rahmenbedingungen, Pflegekammer","reader%20kammer%20nds%20medium, S. 10: 2080","Rahm415","Erst wenn die bestehenden Rahmenbedingungen verbessert werden, bin ich bereit über eine Pflegekammer nachzudenken."
"Rahmenbedingungen, Pflegekammer","reader%20kammer%20nds%20medium, S. 11: 2099","Rahm416","Eine Pflegekammer hat keinen direkten Einfluss auf die für Pflege wichtigen Gesetzänderungen."
"Rahmenbedingungen, Pflegekammer","20141030STN_Anhoerung_Saarland%20Pflegekammer, S. 2: 2095","Rahm417","Eine Pflegekammer kann nicht besser auf die Rahmenbedingungen Einfluss nehmen, als die bereits bestehenden Berufsverbände und Gewerkschaften."
"Rahmenbedingungen, Pflegekammer","20141030STN_Anhoerung_Saarland%20Pflegekammer, S. 3: 1353","Rahm418","Eine Pflegekammer hat kaum Einfluss auf den Rahmenbedingungen in der Pflege."
"Rahmenbedingungen, Pwi/EBP","20141030STN_Anhoerung_Saarland%20Pflegekammer, S. 2: 1912","Rahm419","Es mangelt nicht an pflegewissenschaftlichen Erkenntnissen, sondern an der Möglichkeit, diese aufgrund der Rahmenbedingungen in der Praxis adäquat umzusetzen."
